Dataset,Model,Pairwise Corr Diff
1,synthpop,0.03379353932913393
1,ds,0.14581933156777008
1,tvae,0.132596476927378
1,gaussian_copula,0.10431655186597627
1,copula_gan,0.1483126494509785
1,ctgan,0.1464948792712329
