Dataset,Model,JSD Diff
1,synthpop,0.0010733915395686037
1,ds,0.08323767635618104
1,tvae,0.14532697802466651
1,gaussian_copula,0.0325496322716859
1,copula_gan,0.041277294037718425
1,ctgan,0.051875755451588124
