Dataset,Model,WD Diff
1,synthpop,0.004636696553190131
1,ds,0.05263102974174755
1,tvae,0.11744756833903
1,gaussian_copula,0.009195412023339788
1,copula_gan,0.02764667706955311
1,ctgan,0.02858802390121022
