Dataset,Model,Pairwise Corr Diff
1,synthpop,0.031035950843108055
1,ds,0.1548317543906502
1,tvae,0.129155314217318
1,gaussian_copula,0.09897394808803735
1,copula_gan,0.14904367648245492
1,ctgan,0.14762279312634008
