Dataset,Model,JSD Diff
1,synthpop,0.0010071230791495872
1,ds,0.08615468308271802
1,tvae,0.13839685393502577
1,gaussian_copula,0.03465434129004913
1,copula_gan,0.039711579471607215
1,ctgan,0.05044105332115993
