Dataset,Model,WD Diff
1,synthpop,0.003638334331830386
1,ds,0.057473543376482084
1,tvae,0.11054194335759408
1,gaussian_copula,0.012057395912201629
1,copula_gan,0.018956387257076074
1,ctgan,0.028091687471491062
