Dataset,Model,Pairwise Corr Diff
1,synthpop,0.044323342718986934
1,ds,0.14917069992580095
1,tvae,0.13498658544358205
1,gaussian_copula,0.10484910459780153
1,copula_gan,0.1475892696873696
1,ctgan,0.1446444560693096
