Dataset,Model,JSD Diff
1,synthpop,0.0011557830194989548
1,ds,0.08138870719874366
1,tvae,0.12834550446581966
1,gaussian_copula,0.03509611096354118
1,copula_gan,0.04287228452368838
1,ctgan,0.051084325658609236
