Dataset,Model,WD Diff
1,synthpop,0.005118798818854098
1,ds,0.05523656856929501
1,tvae,0.10137344585441624
1,gaussian_copula,0.011115881146604813
1,copula_gan,0.02987749166991814
1,ctgan,0.019892632884156363
