Dataset,Model,Pairwise Corr Diff
1,synthpop,0.03164964121012531
1,ds,0.15781733462996902
1,tvae,0.10575492454103001
1,gaussian_copula,0.09673223510608522
1,copula_gan,0.14739170275543398
1,ctgan,0.14916513589307437
