Dataset,Model,JSD Diff
1,synthpop,0.0010527296168146678
1,ds,0.07258596023664339
1,tvae,0.12777417371436228
1,gaussian_copula,0.03198667641321971
1,copula_gan,0.04175783787036026
1,ctgan,0.04867083613381168
