Dataset,Model,WD Diff
1,synthpop,0.002947882870979648
1,ds,0.05230610192483589
1,tvae,0.08765547344578495
1,gaussian_copula,0.011367660985362219
1,copula_gan,0.024450559441603213
1,ctgan,0.019410227163405354
